{"current":{"license_key":"8445FC-1020F4-055C53-BE5AC4-629EBA-V3","show_kruger_grid":false,"hide_header_logo":false,"kv_bg_video":"Supreme151.mp4","kv_background_color":"rgba(0,0,0,0)","kv_background_image":"shopify:\/\/shop_images\/ryan-james-christopher-S19Y_J9ryUk-unsplash.jpg","kv_background_size":"cover","kv_background_repeat":"no-repeat","kv_background_position_x":67,"kv_background_position_y":72,"kv_enable_overlay_pass":true,"kv_overlay_opacity_pass":"0.2","password_text":"enter password","password_background_color":"#fff","password_background_image":"shopify:\/\/shop_images\/siora-photography-DhoCVkssJjs-unsplash_709000f7-bb3a-4b09-871a-2a696f5c5e52.jpg","password_background_size":"cover","pass_background_repeat":"no-repeat","enable_overlay_pass":false,"overlay_opacity_pass":"0.2","favicon":"shopify:\/\/shop_images\/Symbol_LiveCurrent_e4a8ff07-2aeb-4495-a0ed-466dfb8eae7e.svg","collection_bg_video":"","collection_background_color":"#000000","collection_background_image":"shopify:\/\/shop_images\/70f479eb-bcfa-45d7-a63e-25421a592285.jpg","collection_background_size":"auto","collection_background_repeat":"no-repeat","collection_background_position_x":24,"collection_background_position_y":17,"collection_enable_overlay_pass":true,"collection_overlay_opacity_pass":"0.5","about_text_color":"#ffffff","about_background_image":"shopify:\/\/shop_images\/05ad9a7b-0990-4e3b-9047-0a2c394d3495.jpg","prod_bg_video":"","productpage_background_color":"#ffffff","pdp_bg_image":"shopify:\/\/shop_images\/70f479eb-bcfa-45d7-a63e-25421a592285.jpg","productpage_background_repeat":"repeat","productpage_background_size":"auto","enable_prod_overlay":false,"overlay_opacity_prod":"0.5","cart_link_color":"#000000","cart_background":"rgba(0,0,0,0)","enable_full_product_titles":true,"cart_type":"modal","enter_enabled":false,"hide_footer_enter":false,"announcement_enabled":false,"ann_homepage_enabled":false,"ann_pass_enabled":false,"enable_pre_order":false,"prehomepage_enabled":false,"prepass_enabled":false,"text_color_btn":"#000000","btn_color_bg":"#ffffff","button_height":4,"button_width":30,"enable_border":true,"border_color":"#000000","button_border_radius":4,"height_header":40,"height_header_mobile":60,"icon":"material-icons-two-tone","grid_product_vendor":false,"vendor_color":"#ffffff","grid_product_truncate":false,"grid_product_hover":false,"tag_placement":"top-left","hide_collection_title":false,"collection_grid_card":false,"collection_grid_products_count":false,"show_collection_grid_button":false,"newsletter_name":true,"newsletter_optin":false,"show_hero":true,"border_radius":0,"sold_out_background":"#ff0000","sold_out_text":"#ffffff","show_back_to_collection":false,"show_social_media_on_desktop":false,"enable_payment_button":false,"enable_websensepro_font":true,"navbar_font":"helvetica_n7","otheaders_font":"helvetica_n4","accent_font":"helvetica_n4","accent_transform":"capitalize","base_family":"anonymous_pro_n4","i_notch":"#000000","navbar_index_link":"#ffffff","navbar_index_link_hover":"#ff0000","navbar_page_link":"#ffffff","navbar_page_link_p_hover":"#d3d3d3","navbar_product_link":"#ffffff","navbar_page_link_pr_hover":"#ffffff","navbar_collection_link":"#ffffff","navbar_page_link_c_hover":"#ff0000","navbar_contact_link":"#ffffff","navbar_page_link_ct_hover":"#000000","navbar_page_link_mobile":"#000000","drawer_link":"#ffffff","sec_drawer_link":"#ffffff","enterscreen_background_color":"#000000","preorder_background_color":"#000000","footer_background_color":"rgba(0,0,0,0)","footer_text_color":"#ffffff","f_border_color":"#ffffff","enable_custom_cursor":false,"cursor_image":"shopify:\/\/shop_images\/Symbol_Black.svg","hover_cursor_image":"shopify:\/\/shop_images\/Symbol_Black.svg","enable_center_cursor":false,"social_instagram_link":"instagram.com\/live_current","sms__email_embed":"<div style=\"width: 100%; max-width: 1200px; padding: 12px 15px; margin: 0 auto;\"><div><script type=\"text\/javascript\" src=\"https:\/\/forms-akamai.smsbump.com\/798472\/form_312055.js?ver=1720399207\"><\/script><\/div><\/div>","password_bg_video":"https:\/\/cdn.shopify.com\/videos\/c\/o\/v\/c22d7314037246bda1ead4621e07bc38.mp4","logo_font":"beefcakes_n4","flip_sidemenu_location":false,"flipped_logo":"shopify:\/\/shop_images\/Supreme-logo-newyork.png","logo_size":60,"enable_new_hero":false,"color_announcement_bg":"#000000","button_enable_outline":false,"debugg_enable":false,"button_font":"abril_fatface_n4","show_breadcrumbs_on_desktop":false,"show_breadcrumbs_on_mobile":false,"color_default":"rgba(0,0,0,0)","color_border":"rgba(0,0,0,0)","color_primary":"#ffffff","color_drawer_bg":"#000000","color_drawer_default":"#ffffff","color_drawer_border":"#ffffff","color_drawer_button_text":"#000000","color_drawer_input":"#000000","color_drawer_overlay":"#FFFFFF","color_footer_bg":"#ffffff","color_footer_default":"#ffffff","color_footer_border":"#ffffff","search_show_collections":false,"search_show_products":false,"search_show_pages":false,"enable_more_payment_options_button":false,"show_top_button":false,"toast_enabled":true,"sg_infinite_scroll_options":"scroll","transition_hover_enabled":false,"cursor_enabled":true,"cursor_image_hover":"shopify:\/\/shop_images\/yeee.png","homepage_enabled":true,"pass_enabled":false,"precontact_enabled":true,"custom-cursor_enabled":true,"accent_family":"anonymous_pro_n4","logo_family":"mono","header_family":"anonymous_pro_n4","collection_grid_animation":false,"show_locale_selector":false,"show_currency_selector":false,"sections":{"sg-account-settings":{"type":"sg-account-settings","settings":{}},"drawer-menu":{"type":"drawer-menu","settings":{"drawer_link_toggle":true,"show_social_medias":true,"hide_menu_icon":true,"special_effects":true,"glass_frost_effect":"frost","blur_intensity":11,"drawer_menu_font":"helvetica_n7","menu_capitalization":"uppercase","bottom_left_radius":19,"height":65,"width":100,"drawer_animation":"bottom","title":"MENU","drawer_top_link_list":"total-menu","drawer_bottom_link_list":""}},"announcement":{"type":"announcement","settings":{"show_announcement":false,"small_announcement_text":false,"left_message":"<p>Sup<\/p>","right_message":"<p>Outchear<\/p>"}},"header":{"type":"header","custom_css":[],"settings":{"main_menu_link_list":"total-menu","navigation_type":"hidden","logo_link":true,"default_logo":"shopify:\/\/shop_images\/Logotype_LiveCurrent_0f303aaa-5038-46a6-83ec-72e082c5c7e8.svg","mobile_logo":"shopify:\/\/shop_images\/Symbol_LiveCurrent_f1d4a84d-f900-4e29-a22c-938da8555b6d.svg","default_logo_svg":"","inverted_logo_svg":"","mobile_logo_svg":"","logo_width":200,"logo_mobile_width":126}},"footer":{"type":"footer","settings":{"enable_top_border":true,"border_thickness":2,"footer_links_font":"helvetica_n7","page1":"contact","page2":"about","page3":"","page4":"","page5":"","page1mobile":"contact","page2mobile":"order-tracking","page3mobile":"terms"}},"sidemenu":{"type":"sidemenu","settings":{"hide_sidemenu":false,"enable_right_border":true,"enable_left_border":false,"border_thickness":1,"sidemenu_width":28,"sidemenu_bg_video":"video.mp4","menu":"collections","menu_capitalization":"uppercase","logo_alignment":"center","text_alignment":"center","sidemenu_text_size":32,"sidemenu_line_height":2,"enable_side_bar_scrollbar":"disabled","sidemenu_background_size":"auto","enable_overlay_sidemenu":false,"overlay_opacity_sidemenu":"0.5","background_position_x":55,"background_position_y":62,"sidemenu_background_repeat":"repeat","side_menu_logo":"shopify:\/\/shop_images\/Supreme-logo-newyork.png","logo_size":160,"logo_-_margin_top":15,"logo_-_margin_bottom":50,"store_name_size":23,"logo_link":"\/","scrollbar_width":"auto","scrollbar_color":"#000000","scrollbar_thumb":"#ffffff"}},"EnterScreen":{"type":"EnterScreen","settings":{"enter_screen_logo":"shopify:\/\/shop_images\/Logotype_LiveCurrent_1a2cf4f8-5c1c-45fa-92c4-4bac909a1440.svg","enterscreen_logo_size":250,"enter_screen_menu":"main-menu","enter_screen_font":"helvetica_n4","enterscreen_text_size":16,"entermenu_line_height":3,"enterscreen_bg_video":"","enterscreen_background_image":"shopify:\/\/shop_images\/ryan-james-christopher-S19Y_J9ryUk-unsplash.jpg","enterscreen_background_size":"cover","enterscreen_background_repeat":"no-repeat","enable_overlay_enter":true,"overlay_opacity_enter":"0.2","background_position_x":41,"background_position_y":85}},"PreOrderScreen":{"type":"PreOrderScreen","settings":{"preorder_text":false,"enable_time":true,"show_close":true,"enable_time_white":false,"preorder_logo":"shopify:\/\/shop_images\/glow_star1.png","logo_size":"70","headline":"Hello","enable_preo_disclaimer":true,"pre-order_disclaimer":"DisclaimerDisclaimerDisclaimerDisclaimerDisclaimerDisclaimerDisclaimerDisclaimer\nDisclaimer\nDisclaimer","preorder_collection":"gallery-dept","order_date":"10\/12","production_date":"10\/12\/2024","ship_date":"May 19th, 2024","preorder_background_repeat":"repeat","preorder_background_image":"shopify:\/\/shop_images\/vecteezy_landscapes-blue-sky-with-white-cloud-and-sunshine_22144816.jpg","preorder_background_size":"cover","enable_overlay":false,"overlay_opacity":"0.2","background_position_x":0,"background_position_y":0}},"AnnoucementScreen":{"type":"AnnoucementScreen","settings":{"annouce_text":true,"enable_time":true,"enable_time_white":true,"show_close":true,"announcement_color":"#ffffff","annouce_logo":"shopify:\/\/shop_images\/Logotype_LiveCurrent_7ce956dc-cddf-411c-b52d-a64441213cf4.svg","annouce_page_header":"<p><\/p><p><\/p><p><\/p><p>A reminder to be right here, right now, will always be worthwhile; so long as we aspire to live, and not only to exist.<\/p><p>We live in the window of awareness that takes place between yesterday and tomorrow. <\/p><p>To \"live current,\" is to engage with the current of life; to respond to your environment with awareness, gratitude, and intention. <\/p>","announcement_collection":"hamcus","release_date":"07\/07\/2025","enable_image_link":false,"annouce_background_image":"shopify:\/\/shop_images\/brooksaa020-2.jpg","annouce_background_repeat":"no-repeat","annouce_background_size":"cover","enable_overlay":true,"overlay_opacity":"0.5","background_position_x":100,"background_position_y":12}},"cart-nav":{"type":"cart-nav","settings":{"cart_bg":"#ffffff"}},"SEAGGSAnnouncement":{"type":"SEAGGSAnnouncement","settings":{"display_announcement_bar":false,"announcement_font":"neue_plak_n4","font_size_desktop":12,"font_size_mobile":12,"announcement_message":"Live Current","announcement_text":"#ffffff","announcement_bg":"rgba(0,0,0,0)"}},"kruger-grid":{"type":"kruger-grid","blocks":{"grid_item_YpBXVn":{"type":"grid_item","settings":{"product":"","image":"shopify:\/\/shop_images\/A7403020.jpg"}},"grid_item_yyF6QU":{"type":"grid_item","disabled":true,"settings":{"product":"","image":"shopify:\/\/shop_images\/A7403034-2_a81e563c-085f-414a-8f80-44332eaea344.jpg"}},"grid_item_RCXBBA":{"type":"grid_item","disabled":true,"settings":{"product":"","image":"shopify:\/\/shop_images\/A7401369-2.jpg"}},"grid_item_ztXQ6G":{"type":"grid_item","disabled":true,"settings":{"product":"balenciaga1-copy-copy","image":"shopify:\/\/shop_images\/A7402486.jpg"}},"grid_item_C7GTgx":{"type":"grid_item","disabled":true,"settings":{"product":"","image":"shopify:\/\/shop_images\/A7402985.jpg"}},"grid_item_cqbtrX":{"type":"grid_item","settings":{"product":""}},"grid_item_CTPMwe":{"type":"grid_item","settings":{"product":""}},"grid_item_Lgetcf":{"type":"grid_item","settings":{"product":"balenciaga1-copy"}},"grid_item_mQwtkg":{"type":"grid_item","settings":{"product":""}},"grid_item_RAqRBd":{"type":"grid_item","settings":{"product":""}},"grid_item_X8Q6nL":{"type":"grid_item","settings":{"product":""}},"grid_item_RKKCrD":{"type":"grid_item","settings":{"product":""}}},"block_order":["grid_item_YpBXVn","grid_item_yyF6QU","grid_item_RCXBBA","grid_item_ztXQ6G","grid_item_C7GTgx","grid_item_cqbtrX","grid_item_CTPMwe","grid_item_Lgetcf","grid_item_mQwtkg","grid_item_RAqRBd","grid_item_X8Q6nL","grid_item_RKKCrD"],"settings":{"display_grid_logo":true,"enable_sms_on_page":false,"flex_grid":true,"grid_logo":"shopify:\/\/shop_images\/Logotype_LiveCurrent_0f303aaa-5038-46a6-83ec-72e082c5c7e8.svg","logo_width":250,"logo_width_mobile":200,"grid_logo_font":"beefcakes_n4","logo_text_color":"#ffffff","sign_up_color":"#ffffff","view_all_collection":""}},"websensepro-custom-font":{"type":"websensepro-custom-font","blocks":{"image_dxxx87":{"type":"image","settings":{"name":"NeueMontreal","custom_font_weight":"none","custom_font_url":"https:\/\/cdn.shopify.com\/s\/files\/1\/0677\/9856\/5055\/files\/NeueMontreal-Regular.otf?v=1742953836","apply_h1":true,"apply_h2":true,"apply_h3":true,"apply_h4":true,"apply_h5":true,"apply_h6":true,"apply_span":false,"apply_p":true,"apply_a":true,"apply_input":true,"apply_label":true,"apply_legend":true,"apply_button":true,"apply_summary":true,"apply_select":true,"apply_option":true,"apply_small":true,"apply_custom":""}},"image_6DykDR":{"type":"image","disabled":true,"settings":{"name":"customfont","custom_font_weight":"none","custom_font_url":"","apply_h1":true,"apply_h2":true,"apply_h3":true,"apply_h4":true,"apply_h5":true,"apply_h6":true,"apply_span":true,"apply_p":true,"apply_a":true,"apply_input":true,"apply_label":true,"apply_legend":true,"apply_button":true,"apply_summary":true,"apply_select":true,"apply_option":true,"apply_small":true,"apply_custom":""}}},"block_order":["image_dxxx87","image_6DykDR"],"settings":{"enable":true}}},"content_for_index":[]}}