{"sections":{"main":{"type":"collection-template","settings":{"collection_title_enable":false,"collection_color":"#ffffff","collection_layout":"grid_list","activate_collection_grid":true,"prodd_bg":"rgba(0,0,0,0)","sort_position":"end","hide_product_title":false,"hide_product_price":true,"hide_all":false,"producttit_color":"#ffffff","price_color":"#ffffff","border_color":"rgba(0,0,0,0)","rows":"8","desktop_grid":"2","mobile_grid":"1","filter_list_color":"rgba(0,0,0,0)","list_position":"start","lv_product_title":"#ffffff","lv_product_des":"#ffffff","enable_product_image_border":false,"lv_border":"rgba(0,0,0,0)","pagination_bg_current":"#ffffff","pagination_bg_others":"#ffffff","pagination_number_color_current":"#ffffff","pagination_number_color_others":"#ffffff"}}},"order":["main"]}