{"sections":{"main":{"type":"contact-content","settings":{"headline_font":"neue_plak_n4","page_background_image":"shopify:\/\/shop_images\/A7403034-2_a81e563c-085f-414a-8f80-44332eaea344.jpg","page_background_size":"cover","page_background_repeat":"no-repeat","page_background_position_x":45,"page_background_position_y":100,"page_background_color":"#000000","page_text_color":"#000000","input_borders":"#ffffff","input_size_font":12,"input_font_size":15,"input_and_label_font":"beefcakes_n4","label_color":"#000000","submit_color":"#000000","submit_text":"#000000","input_bg_color":"rgba(0,0,0,0)","input_text_color":"#ffffff","placeholder_color":"#ffffff"}}},"order":["main"]}