{"sections":{"header":{"type":"password-header","custom_css":[],"settings":{"show_pass_entry":true,"enable_password_entry_editor":false,"logo":"shopify:\/\/shop_images\/Logotype_LiveCurrent_405db60f-0864-40d8-9182-96679c78f27c.svg","logo_svg":"","logo_width":180,"password_entry_text":"#ffffff","password_text_color":"#ffffff","password_button_color":"rgba(0,0,0,0)","password_text_size":13,"password_entry_background_color":"#ffffff","password_entry_more":"#020201","hide_admin":true,"admin_color":"#000000","enable_border":true,"border":"#020201","password_input_text":"Enter the password","password_text":"password","border_radius":12,"text_element_colors":"rgba(0,0,0,0)","placeholder_color":"rgba(0,0,0,0)","submit_button_color":"#020201","submit_text_color":"#ffffff","password_text_alignment":"center","button_text_alignment":"center"}},"main":{"type":"password-content","disabled":true,"settings":{"enable_countdown":true,"enable_sms_on_page":false,"hide_time_label":false,"header_typography":"helvetica_n4","time_typography":"helvetica_n7","label_typography":"helvetica_n4","countdown_header":"Site opens","header_text_color":"#ffffff","time_text_color":"#ffffff","label_text_color":"#ffffff","countdown_gap":0,"bottom_space":8,"header_size":40,"time_text_size":100,"time_label_size":35,"label_capitalization":"uppercase","year":"2025","month":"3","day":18,"hours":17,"minutes":0}},"newsletter_maKRdG":{"type":"newsletter","disabled":true,"settings":{"show_on_desktop":true,"show_on_mobile":true,"title":"","subtitle":"Get notified when the new website goes live...","section_style":"section-blank","customer_tag":"newsletter"}},"footer":{"type":"password-footer","settings":{"hide_password_footer":true,"enable_top_border":false,"border_color":"rgba(0,0,0,0)","border_thickness":1,"footer_typography":"neue_swift_n4","footer_text_align":"center","footer_text_size":11,"hide_powered_by":true,"custom_copyright":"Live Current LLC","footer_color":"rgba(0,0,0,0)","footer_copyright_color":"#ffffff"}},"kruger_grid_XLdnpn":{"type":"kruger-grid","blocks":{"grid_item_kKYg9z":{"type":"grid_item","settings":{"product":""}}},"block_order":["grid_item_kKYg9z"],"disabled":true,"settings":{"display_grid_logo":true,"enable_sms_on_page":true,"flex_grid":false,"logo_width":100,"logo_width_mobile":100,"grid_logo_font":"helvetica_n4","logo_text_color":"#333333","sign_up_color":"#000000","view_all_collection":""}}},"order":["header","main","newsletter_maKRdG","footer","kruger_grid_XLdnpn"],"layout":"password"}