{"sections":{"main":{"type":"product-template","settings":{"productpage_text_color":"#ffffff","description_color":"#ffffff","variation_and_quantity_color":"#ffffff","selected_color":"#ffffff","selected_text_color":"#ffffff","not_st_color":"#ffffff","not_s_color":"#ffffff","not_s_colorb":"#ffffff","quantity_button_color":"#ffffff","adjustment_color":"#ffffff","price_colour":"#ffffff","strikethrough_price":"#ffffff","product_name_font":"neue_haas_unica_n4","product_price_font":"neue_haas_unica_n4","label_font":"neue_haas_unica_n4","add_to_cart_font":"neue_haas_unica_n4","options_alignment":"center","hide_label":false,"label_text_size":15,"input_border_roundness":7,"quantity_enabled":true,"enable_input_border":true,"input_background":"rgba(0,0,0,0)","input_border_color":"#ffffff","add_to_cart_text_color":"#659ea7","add_to_cart_color":"#ffffff","atc_padding":19,"enable_border__btn":true,"add_to_cart_bc__color":"#ffffff","enable_underline__text":false,"payment_button_text_alignment":"left","button_border_rounded":5,"enable_trust_badges":true,"show_product_type":true,"show_product_sku":true,"show_product_collections":true,"product_title_position_mobile":"above","enable_image_zoom_on_icon_click":true,"image_display_type":"image_zoom","enable_fading_effect":true,"enable_video_looping":true,"media_layout":"stacked","image_size":"small","enable_arrows":false,"thumbnails_position":"top_left","product_selector":"select","product_description_font":"neue_haas_unica_n4","show_product_description":false,"description_full":false,"sg_product_description_position":"under_addtocart","text_alignment":"","text_alignment_mobile":"small--text-left"}}},"order":["main"]}